<?xml version="1.0" encoding="UTF-8"?>
<project-private xmlns="http://www.netbeans.org/ns/project-private/1">
    <editor-bookmarks xmlns="http://www.netbeans.org/ns/editor-bookmarks/2" lastBookmarkId="1">
        <file>
            <url>src/java/Controlador/eventoControlador.java</url>
            <bookmark id="1">
                <name/>
                <line>41</line>
                <key/>
            </bookmark>
        </file>
    </editor-bookmarks>
    <open-files xmlns="http://www.netbeans.org/ns/projectui-open-files/2">
        <group>
            <file>file:/C:/Users/solan/Documents/NetBeansProjects/zelene/web/js/validacion_Evento.js</file>
            <file>file:/C:/Users/solan/Documents/NetBeansProjects/zelene/web/js/participante_v.js</file>
            <file>file:/C:/Users/solan/Documents/NetBeansProjects/zelene/web/js/correo_valida.js</file>
            <file>file:/C:/Users/solan/Documents/NetBeansProjects/zelene/web/about.jsp</file>
            <file>file:/C:/Users/solan/Documents/NetBeansProjects/zelene/web/regEvento.jsp</file>
            <file>file:/C:/Users/solan/Documents/NetBeansProjects/zelene/web/form_Even.jsp</file>
            <file>file:/C:/Users/solan/Documents/NetBeansProjects/zelene/web/eventos.jsp</file>
            <file>file:/C:/Users/solan/Documents/NetBeansProjects/zelene/web/formulario.jsp</file>
        </group>
    </open-files>
</project-private>
